Tag,Category
AI/ML,AI/ML
AMD Milan,
API,
APIs,
ARM processors,
AWS Batch,AWS Batch
Active Directory,
Amazon Braket,
Amazon S3,
Ampersand,
Arm,
Batch,AWS Batch
Bayesian,
C6i,
CDI,
CFD,
CGI,
CPUs,
Community,
Computational Chemistry,Life Sciences
Covid-19,Life Sciences
CryoEM,Life Sciences
DCV,Amazon NICE DCV
Domain Decomposition,
Drug Design,Life Sciences
Drug Discovery,Life Sciences
EC2,
EFA,Elastic Fabric Adapter
EnginFrame,
FRTB,
FSI,
FSx for OpenZFS,
GPUs,
GROMACS,Life Sciences
GUI,
Graviton,
HCLS,Life Sciences
HPC,
HPC Japan,
HPC source code,
HPCaaS,
HPDA,
Hackathon,
High Performance Computing,
Hpc6a,
Ice Lake,
Image Builder,
Intel,
Intel MPI,
KEK,
LDAP,
Lustre,
MD,
ML frameworks,AI/ML
ML models,AI/ML
MPI,
MSAD,
MVAPICH,
Meshing,
NCCL,AI/ML
OpenZFS,
PCluster Manager,AWS ParallelCluster
ParallelCluster,AWS ParallelCluster
Processors,
QPUs,
SGE,
SSDs,
SVE,
Schedulers,
Slurm,
Solver performance,
Storage,
TV,
WDL,
WRF,
ZFS,
advanced logging,
advertising,
alphafold,
analytics,
ansys,
application virtualization,
arm,
arm compiler,
arm forge,
arm64,
array jobs,
authentication,
autoscaling,
aws,
aws batch,AWS Batch
backup,
batch,
batch console,
benchmarks,
bill,
bioinformatics,Life Sciences
broadcast,
budgets,
checkpoint,
cloud,
cloud computing,
clusters,
compilers,
compliance,
compound screening,
computing,
containers,
containr insights,
cromwell,
cryoEM,Life Sciences
debuggers,
dependencies,
desktop,
docker,
drug discovery,Life Sciences
editing suite,
elastic,
elastic fabric adapter,Elastic Fabric Adapter
encryption,
fabric,Elastic Fabric Adapter
fabrics,Elastic Fabric Adapter
fair share,
fair share scheduling,
filesystems,
financial services,Financial Services
fluent,
gaming,
genomics,
genomics pipelines,Life Sciences
governance,
graviton,
graviton2,
graviton3,
hidden markov models,AI/ML
hierarchical,
hpc foundations,
hybrid,
infiniband,Elastic Fabric Adapter
isolation,
japan HPC,
job accounting,
job control,
job scripts,
latency,
low latency,
lustre,
machine learning,AI/ML
memory aware,
miniWDL,
model training,
molecular dynamics,Life Sciences
multi-user,
mxnet,AI/ML
netapp ONTAP,
netflix,
networking,Elastic Fabric Adapter
nextflow,Life Sciences
nextflow tower,Life Sciences
nf core,Life Sciences
nf-core,Life Sciences
object storage,
on-prem,
on-premises,
open MPI,Elastic Fabric Adapter
openFOAM,
openfoam,
openzfs,
optimization,
package manager,
pcluster manager,AWS ParallelCluster
performance,
pipelines,
pixel,Amazon NICE DCV
portal,
porting,
processors,
productivity,
profilers,
profiling,
protein folding,Life Sciences
pytorch,AI/ML
quantum,
quantum computing,
queues,
redistributePar,
remote desktops,Amazon NICE DCV
research,
reservations,
risk,
saurus,
scaling,
scheduling,
science,
scientific applications,
scientific computing,
scilife,Life Sciences
scotch,
scripting,
security,
seqera,Life Sciences
seqera labs,Life Sciences
sge,
singapore,
slurm,
slurm accounting,
snakemake,Life Sciences
snappyHexMesh,
spack,
spot,
starccm,CAE/CFD
streaming,
supercomputer,
supercomputing,
technical computing,
techshorts,
tensor flow,AI/ML
tensorflow,AI/ML
tightly-coupled,
tower,
trading,Financial Services
tuning,
uncompressed video,
virtual,
virtualization,
visual effects,
vizualization,
weather simulation,Climate/Environment/Weather
workflow,
workflows,
x86,
yellowdog,